{"IcoMoonType":"selection","icons":[{"icon":{"paths":["M658.286 475.429c0-141.143-114.857-256-256-256s-256 114.857-256 256 114.857 256 256 256 256-114.857 256-256zM950.857 950.857c0 40-33.143 73.143-73.143 73.143-19.429 0-38.286-8-51.429-21.714l-196-195.429c-66.857 46.286-146.857 70.857-228 70.857-222.286 0-402.286-180-402.286-402.286s180-402.286 402.286-402.286 402.286 180 402.286 402.286c0 81.143-24.571 161.143-70.857 228l196 196c13.143 13.143 21.143 32 21.143 51.429z"],"width":950.8571428571428,"attrs":[],"isMulticolor":false,"isMulticolor2":false,"tags":["search"],"defaultCode":61442,"grid":14},"attrs":[],"properties":{"name":"view","id":6,"order":198,"prevSize":28,"code":61442},"setIdx":0,"setId":0,"iconIdx":6},{"icon":{"paths":["M207.429 877.714l52-52-134.286-134.286-52 52v61.143h73.143v73.143h61.143zM506.286 347.429c0-7.429-5.143-12.571-12.571-12.571-3.429 0-6.857 1.143-9.714 4l-309.714 309.714c-2.857 2.857-4 6.286-4 9.714 0 7.429 5.143 12.571 12.571 12.571 3.429 0 6.857-1.143 9.714-4l309.714-309.714c2.857-2.857 4-6.286 4-9.714zM475.429 237.714l237.714 237.714-475.429 475.429h-237.714v-237.714zM865.714 292.571c0 19.429-8 38.286-21.143 51.429l-94.857 94.857-237.714-237.714 94.857-94.286c13.143-13.714 32-21.714 51.429-21.714s38.286 8 52 21.714l134.286 133.714c13.143 13.714 21.143 32.571 21.143 52z"],"width":865.7188571428571,"attrs":[],"isMulticolor":false,"isMulticolor2":false,"tags":["pencil"],"defaultCode":61504,"grid":14},"attrs":[],"properties":{"name":"edit","id":64,"order":199,"prevSize":28,"code":61504},"setIdx":0,"setId":0,"iconIdx":64},{"icon":{"paths":["M790.857 529.714l-758.857 421.714c-17.714 9.714-32 1.143-32-18.857v-841.143c0-20 14.286-28.571 32-18.857l758.857 421.714c17.714 9.714 17.714 25.714 0 35.429z"],"width":808.5942857142857,"attrs":[],"isMulticolor":false,"isMulticolor2":false,"tags":["play"],"defaultCode":61515,"grid":14},"attrs":[],"properties":{"name":"run","id":75,"order":197,"prevSize":28,"code":61515},"setIdx":0,"setId":0,"iconIdx":75},{"icon":{"paths":["M585.143 785.714v-108.571c0-10.286-8-18.857-18.286-18.857h-109.714c-10.286 0-18.286 8.571-18.286 18.857v108.571c0 10.286 8 18.857 18.286 18.857h109.714c10.286 0 18.286-8.571 18.286-18.857zM584 572l10.286-262.286c0-3.429-1.714-8-5.714-10.857-3.429-2.857-8.571-6.286-13.714-6.286h-125.714c-5.143 0-10.286 3.429-13.714 6.286-4 2.857-5.714 8.571-5.714 12l9.714 261.143c0 7.429 8.571 13.143 19.429 13.143h105.714c10.286 0 18.857-5.714 19.429-13.143zM576 38.286l438.857 804.571c12.571 22.286 12 49.714-1.143 72s-37.143 36-62.857 36h-877.714c-25.714 0-49.714-13.714-62.857-36s-13.714-49.714-1.143-72l438.857-804.571c12.571-23.429 37.143-38.286 64-38.286s51.429 14.857 64 38.286z"],"width":1024,"attrs":[],"isMulticolor":false,"isMulticolor2":false,"tags":["exclamation-triangle","warning"],"defaultCode":61553,"grid":14},"attrs":[],"properties":{"name":"warning","id":107,"order":202,"prevSize":28,"code":61553},"setIdx":0,"setId":0,"iconIdx":107},{"icon":{"paths":["M292.571 786.286v-402.286c0-10.286-8-18.286-18.286-18.286h-36.571c-10.286 0-18.286 8-18.286 18.286v402.286c0 10.286 8 18.286 18.286 18.286h36.571c10.286 0 18.286-8 18.286-18.286zM438.857 786.286v-402.286c0-10.286-8-18.286-18.286-18.286h-36.571c-10.286 0-18.286 8-18.286 18.286v402.286c0 10.286 8 18.286 18.286 18.286h36.571c10.286 0 18.286-8 18.286-18.286zM585.143 786.286v-402.286c0-10.286-8-18.286-18.286-18.286h-36.571c-10.286 0-18.286 8-18.286 18.286v402.286c0 10.286 8 18.286 18.286 18.286h36.571c10.286 0 18.286-8 18.286-18.286zM274.286 219.429h256l-27.429-66.857c-1.714-2.286-6.857-5.714-9.714-6.286h-181.143c-3.429 0.571-8 4-9.714 6.286zM804.571 237.714v36.571c0 10.286-8 18.286-18.286 18.286h-54.857v541.714c0 62.857-41.143 116.571-91.429 116.571h-475.429c-50.286 0-91.429-51.429-91.429-114.286v-544h-54.857c-10.286 0-18.286-8-18.286-18.286v-36.571c0-10.286 8-18.286 18.286-18.286h176.571l40-95.429c11.429-28 45.714-50.857 76-50.857h182.857c30.286 0 64.571 22.857 76 50.857l40 95.429h176.571c10.286 0 18.286 8 18.286 18.286z"],"width":804.5714285714286,"attrs":[],"isMulticolor":false,"isMulticolor2":false,"tags":["trash"],"defaultCode":61944,"grid":14},"attrs":[],"properties":{"name":"delete","id":459,"order":201,"prevSize":28,"code":61944},"setIdx":0,"setId":0,"iconIdx":459}],"height":1024,"metadata":{"name":"icomoon"},"preferences":{"showGlyphs":true,"showCodes":true,"showQuickUse":true,"showQuickUse2":true,"showSVGs":true,"fontPref":{"prefix":"icon-","metadata":{"fontFamily":"icomoon","majorVersion":1,"minorVersion":0},"metrics":{"emSize":512,"baseline":6.25,"whitespace":50},"embed":false,"noie8":true,"ie7":false,"cssVars":true,"cssVarsFormat":"scss","showSelector":true,"showMetrics":true,"showMetadata":false,"showVersion":false,"autoHost":true},"imagePref":{"prefix":"icon-","png":true,"useClassSelector":true,"color":0,"bgColor":16777215},"historySize":50,"quickUsageToken":{"UntitledProject":"ZDkwNmUxODNhMDNhNzU4ODc2MmM0OTY4ZTNiY2EzZTgjMSMxNjI3ODk3NzcxIyMj"}}}